{
    "rmse": 0.7857390468783109,
    "mae": 0.6344189913577087,
    "r2": 0.1127167607011148
}